"행정구역(시군구)별",총인구수 (명),총인구수 (명),총인구수 (명),총인구수 (명),총인구수 (명),총인구수 (명),총인구수 (명),총인구수 (명),총인구수 (명),총인구수 (명),총인구수 (명),총인구수 (명),총인구수 (명),총인구수 (명),총인구수 (명),총인구수 (명),총인구수 (명),총인구수 (명),총인구수 (명),총인구수 (명),총인구수 (명),총인구수 (명),총인구수 (명),총인구수 (명),총인구수 (명),총인구수 (명),총인구수 (명),총인구수 (명),총인구수 (명),총인구수 (명),총인구수 (명),총인구수 (명),총인구수 (명),총인구수 (명),총인구수 (명),총인구수 (명),총인구수 (명),총인구수 (명),총인구수 (명),총인구수 (명),총인구수 (명),총인구수 (명),총인구수 (명),총인구수 (명),총인구수 (명),총인구수 (명),총인구수 (명),총인구수 (명),총인구수 (명),총인구수 (명),총인구수 (명),총인구수 (명),총인구수 (명),총인구수 (명),총인구수 (명),총인구수 (명),총인구수 (명),총인구수 (명),총인구수 (명),총인구수 (명),총인구수 (명),총인구수 (명),총인구수 (명),총인구수 (명),총인구수 (명),총인구수 (명),총인구수 (명),총인구수 (명),총인구수 (명),총인구수 (명),총인구수 (명),총인구수 (명),남자인구수 (명),남자인구수 (명),남자인구수 (명),남자인구수 (명),남자인구수 (명),남자인구수 (명),남자인구수 (명),남자인구수 (명),남자인구수 (명),남자인구수 (명),남자인구수 (명),남자인구수 (명),남자인구수 (명),남자인구수 (명),남자인구수 (명),남자인구수 (명),남자인구수 (명),남자인구수 (명),남자인구수 (명),남자인구수 (명),남자인구수 (명),남자인구수 (명),남자인구수 (명),남자인구수 (명),남자인구수 (명),남자인구수 (명),남자인구수 (명),남자인구수 (명),남자인구수 (명),남자인구수 (명),남자인구수 (명),남자인구수 (명),남자인구수 (명),남자인구수 (명),남자인구수 (명),남자인구수 (명),남자인구수 (명),남자인구수 (명),남자인구수 (명),남자인구수 (명),남자인구수 (명),남자인구수 (명),남자인구수 (명),남자인구수 (명),남자인구수 (명),남자인구수 (명),남자인구수 (명),남자인구수 (명),남자인구수 (명),남자인구수 (명),남자인구수 (명),남자인구수 (명),남자인구수 (명),남자인구수 (명),남자인구수 (명),남자인구수 (명),남자인구수 (명),남자인구수 (명),남자인구수 (명),남자인구수 (명),남자인구수 (명),남자인구수 (명),남자인구수 (명),남자인구수 (명),남자인구수 (명),남자인구수 (명),남자인구수 (명),남자인구수 (명),남자인구수 (명),남자인구수 (명),남자인구수 (명),남자인구수 (명),여자인구수 (명),여자인구수 (명),여자인구수 (명),여자인구수 (명),여자인구수 (명),여자인구수 (명),여자인구수 (명),여자인구수 (명),여자인구수 (명),여자인구수 (명),여자인구수 (명),여자인구수 (명),여자인구수 (명),여자인구수 (명),여자인구수 (명),여자인구수 (명),여자인구수 (명),여자인구수 (명),여자인구수 (명),여자인구수 (명),여자인구수 (명),여자인구수 (명),여자인구수 (명),여자인구수 (명),여자인구수 (명),여자인구수 (명),여자인구수 (명),여자인구수 (명),여자인구수 (명),여자인구수 (명),여자인구수 (명),여자인구수 (명),여자인구수 (명),여자인구수 (명),여자인구수 (명),여자인구수 (명),여자인구수 (명),여자인구수 (명),여자인구수 (명),여자인구수 (명),여자인구수 (명),여자인구수 (명),여자인구수 (명),여자인구수 (명),여자인구수 (명),여자인구수 (명),여자인구수 (명),여자인구수 (명),여자인구수 (명),여자인구수 (명),여자인구수 (명),여자인구수 (명),여자인구수 (명),여자인구수 (명),여자인구수 (명),여자인구수 (명),여자인구수 (명),여자인구수 (명),여자인구수 (명),여자인구수 (명),여자인구수 (명),여자인구수 (명),여자인구수 (명),여자인구수 (명),여자인구수 (명),여자인구수 (명),여자인구수 (명),여자인구수 (명),여자인구수 (명),여자인구수 (명),여자인구수 (명),여자인구수 (명)
"행정구역(시군구)별",2015. 01,2015. 02,2015. 03,2015. 04,2015. 05,2015. 06,2015. 07,2015. 08,2015. 09,2015. 10,2015. 11,2015. 12,2016. 01,2016. 02,2016. 03,2016. 04,2016. 05,2016. 06,2016. 07,2016. 08,2016. 09,2016. 10,2016. 11,2016. 12,2017. 01,2017. 02,2017. 03,2017. 04,2017. 05,2017. 06,2017. 07,2017. 08,2017. 09,2017. 10,2017. 11,2017. 12,2018. 01,2018. 02,2018. 03,2018. 04,2018. 05,2018. 06,2018. 07,2018. 08,2018. 09,2018. 10,2018. 11,2018. 12,2019. 01,2019. 02,2019. 03,2019. 04,2019. 05,2019. 06,2019. 07,2019. 08,2019. 09,2019. 10,2019. 11,2019. 12,2020. 01,2020. 02,2020. 03,2020. 04,2020. 05,2020. 06,2020. 07,2020. 08,2020. 09,2020. 10,2020. 11,2020. 12,2015. 01,2015. 02,2015. 03,2015. 04,2015. 05,2015. 06,2015. 07,2015. 08,2015. 09,2015. 10,2015. 11,2015. 12,2016. 01,2016. 02,2016. 03,2016. 04,2016. 05,2016. 06,2016. 07,2016. 08,2016. 09,2016. 10,2016. 11,2016. 12,2017. 01,2017. 02,2017. 03,2017. 04,2017. 05,2017. 06,2017. 07,2017. 08,2017. 09,2017. 10,2017. 11,2017. 12,2018. 01,2018. 02,2018. 03,2018. 04,2018. 05,2018. 06,2018. 07,2018. 08,2018. 09,2018. 10,2018. 11,2018. 12,2019. 01,2019. 02,2019. 03,2019. 04,2019. 05,2019. 06,2019. 07,2019. 08,2019. 09,2019. 10,2019. 11,2019. 12,2020. 01,2020. 02,2020. 03,2020. 04,2020. 05,2020. 06,2020. 07,2020. 08,2020. 09,2020. 10,2020. 11,2020. 12,2015. 01,2015. 02,2015. 03,2015. 04,2015. 05,2015. 06,2015. 07,2015. 08,2015. 09,2015. 10,2015. 11,2015. 12,2016. 01,2016. 02,2016. 03,2016. 04,2016. 05,2016. 06,2016. 07,2016. 08,2016. 09,2016. 10,2016. 11,2016. 12,2017. 01,2017. 02,2017. 03,2017. 04,2017. 05,2017. 06,2017. 07,2017. 08,2017. 09,2017. 10,2017. 11,2017. 12,2018. 01,2018. 02,2018. 03,2018. 04,2018. 05,2018. 06,2018. 07,2018. 08,2018. 09,2018. 10,2018. 11,2018. 12,2019. 01,2019. 02,2019. 03,2019. 04,2019. 05,2019. 06,2019. 07,2019. 08,2019. 09,2019. 10,2019. 11,2019. 12,2020. 01,2020. 02,2020. 03,2020. 04,2020. 05,2020. 06,2020. 07,2020. 08,2020. 09,2020. 10,2020. 11,2020. 12
"전국",51342881,51360454,51378174,51395238,51413925,51431100,51448183,51465228,51482816,51500986,51515399,51529338,51541582,51555409,51569536,51584349,51601265,51619330,51634618,51649552,51664244,51677054,51687682,51696216,51704332,51712221,51714935,51722903,51732586,51736224,51744948,51753820,51762492,51769092,51774649,51778544,51779148,51779892,51784669,51790131,51796179,51801449,51806977,51812153,51817851,51821881,51824477,51826059,51826287,51829538,51833175,51836763,51840339,51842636,51845612,51847538,51849253,51850705,51851427,51849861,51847509,51844627,51843195,51842524,51841371,51839408,51839852,51839953,51841786,51838016,51834302,51829023,25675816,25683724,25691721,25699428,25707941,25715304,25722769,25730212,25738014,25746132,25752345,25758186,25763237,25769138,25775322,25781628,25788953,25796204,25802692,25809031,25815202,25820488,25824429,25827594,25830890,25833963,25833566,25836516,25840361,25840911,25844117,25847379,25850675,25852884,25854608,25855919,25855611,25855513,25856654,25857963,25859449,25861116,25862378,25863568,25865557,25866067,25866371,25866129,25865518,25866255,25866984,25867727,25868330,25868406,25868638,25868377,25868023,25867179,25866604,25864816,25862863,25860491,25858743,25857509,25856030,25853937,25852796,25851388,25851003,25847719,25844667,25841029,25667065,25676730,25686453,25695810,25705984,25715796,25725414,25735016,25744802,25754854,25763054,25771152,25778345,25786271,25794214,25802721,25812312,25823126,25831926,25840521,25849042,25856566,25863253,25868622,25873442,25878258,25881369,25886387,25892225,25895313,25900831,25906441,25911817,25916208,25920041,25922625,25923537,25924379,25928015,25932168,25936730,25940333,25944599,25948585,25952294,25955814,25958106,25959930,25960769,25963283,25966191,25969036,25972009,25974230,25976974,25979161,25981230,25983526,25984823,25985045,25984646,25984136,25984452,25985015,25985341,25985471,25987056,25988565,25990783,25990297,25989635,25987994
"서울특별시",10104515,10105206,10100987,10094889,10088393,10078850,10071654,10063197,10055027,10045027,10035597,10022181,10018537,10014261,10009588,10002979,9995784,9989795,9981673,9971111,9964291,9954791,9943333,9930616,9930478,9931412,9926968,9922745,9919016,9914381,9908612,9902072,9891448,9882810,9870167,9857426,9851767,9845336,9838892,9830452,9820971,9814049,9806538,9799075,9793003,9784112,9774088,9765623,9766288,9770638,9770216,9766886,9762062,9757144,9751415,9744888,9740398,9736289,9732577,9729107,9733509,9736962,9733655,9726787,9724496,9720846,9715429,9708247,9699232,9689159,9679771,9668465,4979523,4979040,4976047,4972616,4968609,4962774,4958550,4953797,4949180,4943565,4938482,4930943,4927897,4924977,4922103,4918312,4914078,4910202,4905463,4899436,4895508,4890007,4883805,4876789,4875745,4874839,4871560,4868367,4865778,4862573,4859039,4855013,4849195,4844555,4837345,4830206,4826345,4822071,4817507,4812514,4806841,4802769,4798255,4793529,4789821,4784674,4778917,4773899,4772822,4773605,4772134,4769474,4766085,4762711,4759105,4754998,4751696,4749055,4746636,4744059,4745088,4745133,4742217,4737843,4735431,4732275,4728872,4724585,4719170,4713716,4708321,4701723,5124992,5126166,5124940,5122273,5119784,5116076,5113104,5109400,5105847,5101462,5097115,5091238,5090640,5089284,5087485,5084667,5081706,5079593,5076210,5071675,5068783,5064784,5059528,5053827,5054733,5056573,5055408,5054378,5053238,5051808,5049573,5047059,5042253,5038255,5032822,5027220,5025422,5023265,5021385,5017938,5014130,5011280,5008283,5005546,5003182,4999438,4995171,4991724,4993466,4997033,4998082,4997412,4995977,4994433,4992310,4989890,4988702,4987234,4985941,4985048,4988421,4991829,4991438,4988944,4989065,4988571,4986557,4983662,4980062,4975443,4971450,4966742
"부산광역시",3517898,3517939,3515839,3515439,3515806,3517491,3518955,3517907,3516704,3515689,3514842,3513777,3513361,3513192,3512444,3511974,3510833,3509462,3508095,3507205,3505821,3503789,3501671,3498529,3496779,3495478,3493041,3491282,3489212,3486570,3484836,3484183,3482804,3478109,3474534,3470653,3467055,3465407,3463103,3460707,3458134,3455611,3453198,3451049,3449593,3446856,3444540,3441453,3438259,3436230,3434091,3431750,3429595,3427632,3425317,3423209,3421502,3418871,3416721,3413841,3411819,3410925,3409932,3408347,3406942,3404423,3402776,3401072,3399749,3397598,3395514,3391946,1739447,1739181,1737884,1737312,1737367,1737975,1738689,1738010,1737350,1736778,1736279,1735570,1735280,1734825,1734251,1733680,1733069,1732157,1731316,1730551,1729643,1728422,1727358,1725607,1724481,1723568,1721829,1720874,1719792,1718263,1717283,1716630,1715622,1713314,1711398,1709508,1707568,1706589,1705182,1703724,1702278,1700822,1699375,1698145,1697295,1695639,1694363,1692421,1690527,1689253,1687792,1686235,1684792,1683596,1682209,1681015,1679894,1678363,1677165,1675417,1674202,1673266,1672252,1671199,1670175,1668618,1667613,1666462,1665554,1664277,1663055,1661000,1778451,1778758,1777955,1778127,1778439,1779516,1780266,1779897,1779354,1778911,1778563,1778207,1778081,1778367,1778193,1778294,1777764,1777305,1776779,1776654,1776178,1775367,1774313,1772922,1772298,1771910,1771212,1770408,1769420,1768307,1767553,1767553,1767182,1764795,1763136,1761145,1759487,1758818,1757921,1756983,1755856,1754789,1753823,1752904,1752298,1751217,1750177,1749032,1747732,1746977,1746299,1745515,1744803,1744036,1743108,1742194,1741608,1740508,1739556,1738424,1737617,1737659,1737680,1737148,1736767,1735805,1735163,1734610,1734195,1733321,1732459,1730946
"대구광역시",2492658,2492583,2491897,2491545,2491867,2491137,2490799,2490621,2490584,2489847,2489339,2487829,2487823,2486589,2486059,2485663,2485134,2484864,2484856,2485537,2485692,2485484,2485535,2484557,2484688,2484578,2483488,2483105,2482476,2481985,2481489,2479887,2478236,2477186,2476557,2475231,2474309,2473466,2472175,2471136,2469936,2469617,2468824,2467385,2466454,2465145,2464002,2461769,2460382,2458138,2455829,2454154,2452291,2450478,2448666,2446745,2445270,2443528,2441581,2438031,2436488,2432883,2433568,2431523,2429059,2427954,2428022,2428228,2426849,2424171,2421859,2418346,1240653,1240549,1239929,1239638,1239697,1239275,1239093,1238966,1238902,1238374,1238044,1237291,1237155,1236386,1235985,1235606,1235130,1234964,1234931,1235156,1235200,1234986,1234750,1234169,1234155,1233889,1232979,1232641,1232194,1231735,1231358,1230481,1229570,1228943,1228498,1227814,1227177,1226725,1225877,1225216,1224529,1224126,1223541,1222651,1222113,1221295,1220652,1219342,1218478,1217209,1215750,1214640,1213494,1212450,1211432,1210476,1209564,1208429,1207318,1205286,1204387,1202364,1202273,1200899,1199504,1198815,1198621,1198662,1197914,1196446,1195081,1193109,1252005,1252034,1251968,1251907,1252170,1251862,1251706,1251655,1251682,1251473,1251295,1250538,1250668,1250203,1250074,1250057,1250004,1249900,1249925,1250381,1250492,1250498,1250785,1250388,1250533,1250689,1250509,1250464,1250282,1250250,1250131,1249406,1248666,1248243,1248059,1247417,1247132,1246741,1246298,1245920,1245407,1245491,1245283,1244734,1244341,1243850,1243350,1242427,1241904,1240929,1240079,1239514,1238797,1238028,1237234,1236269,1235706,1235099,1234263,1232745,1232101,1230519,1231295,1230624,1229555,1229139,1229401,1229566,1228935,1227725,1226778,1225237
"인천광역시",2904876,2906603,2908418,2910307,2912114,2914271,2916719,2918982,2920938,2923030,2924578,2925815,2927195,2928596,2929817,2932141,2933959,2935314,2937217,2938902,2940436,2941793,2942613,2943069,2944009,2944266,2944630,2945305,2946270,2946915,2947803,2948014,2947298,2948098,2948241,2948542,2950771,2951629,2951442,2952476,2953255,2953883,2953841,2953206,2953116,2953333,2953844,2954642,2955916,2956063,2956513,2956700,2957179,2957024,2956828,2956525,2956804,2956984,2957249,2957026,2956119,2954955,2952689,2950972,2950063,2947217,2945565,2943491,2942553,2942233,2942307,2942828,1460106,1460824,1461607,1462351,1463289,1464320,1465476,1466588,1467490,1468473,1469254,1469869,1470473,1471306,1471951,1472988,1473753,1474326,1475180,1475913,1476418,1477015,1477356,1477671,1478103,1478113,1478115,1478356,1478780,1479099,1479560,1479582,1479115,1479406,1479495,1479597,1480645,1480921,1480773,1481221,1481506,1481769,1481730,1481196,1481129,1481249,1481568,1481844,1482441,1482440,1482588,1482820,1483087,1482934,1482651,1482375,1482453,1482413,1482519,1482249,1481749,1481133,1479839,1478916,1478307,1476813,1475837,1474620,1474105,1473834,1473795,1473943,1444770,1445779,1446811,1447956,1448825,1449951,1451243,1452394,1453448,1454557,1455324,1455946,1456722,1457290,1457866,1459153,1460206,1460988,1462037,1462989,1464018,1464778,1465257,1465398,1465906,1466153,1466515,1466949,1467490,1467816,1468243,1468432,1468183,1468692,1468746,1468945,1470126,1470708,1470669,1471255,1471749,1472114,1472111,1472010,1471987,1472084,1472276,1472798,1473475,1473623,1473925,1473880,1474092,1474090,1474177,1474150,1474351,1474571,1474730,1474777,1474370,1473822,1472850,1472056,1471756,1470404,1469728,1468871,1468448,1468399,1468512,1468885
"광주광역시",1476891,1477340,1477504,1477609,1477212,1476974,1476716,1476152,1475590,1474603,1474910,1472199,1472802,1472153,1471618,1471819,1472317,1472285,1472481,1472432,1472379,1471911,1471384,1469214,1469583,1468527,1467766,1467002,1466741,1466451,1466415,1466642,1466639,1466716,1466328,1463770,1464037,1463100,1462033,1460972,1460564,1460745,1461203,1461463,1461790,1461904,1461009,1459336,1459832,1459208,1458930,1458940,1459003,1459024,1459486,1459438,1459632,1459360,1458915,1456468,1456688,1456121,1455705,1456096,1455533,1455048,1454709,1454154,1453952,1452994,1451993,1450062,731801,731983,732108,732108,731865,731808,731692,731412,731096,730729,730814,729662,729995,729623,729275,729446,729692,729664,729777,729733,729673,729485,729254,728137,728408,727870,727352,726707,726559,726451,726563,726678,726714,726768,726603,725295,725343,724918,724187,723604,723405,723562,723738,723692,723732,723732,723379,722581,722902,722689,722511,722495,722531,722559,722801,722608,722595,722448,722168,720740,720931,720686,720460,720536,720300,720060,719860,719601,719445,718912,718370,717348,745090,745357,745396,745501,745347,745166,745024,744740,744494,743874,744096,742537,742807,742530,742343,742373,742625,742621,742704,742699,742706,742426,742130,741077,741175,740657,740414,740295,740182,740000,739852,739964,739925,739948,739725,738475,738694,738182,737846,737368,737159,737183,737465,737771,738058,738172,737630,736755,736930,736519,736419,736445,736472,736465,736685,736830,737037,736912,736747,735728,735757,735435,735245,735560,735233,734988,734849,734553,734507,734082,733623,732714
"대전광역시",1531287,1529431,1528090,1527314,1526568,1525656,1525195,1524025,1523338,1522288,1521142,1518775,1518024,1517716,1517118,1516904,1516494,1516208,1516291,1516165,1516241,1515787,1515394,1514370,1514354,1513877,1512189,1511396,1509587,1508137,1507597,1507116,1506741,1505829,1504307,1502227,1501378,1499187,1497572,1496123,1495234,1494878,1495029,1494286,1493654,1492589,1491716,1489936,1488725,1487605,1486647,1485509,1484398,1482938,1481701,1480520,1479641,1478436,1476955,1474870,1474152,1473125,1471858,1471650,1471915,1471040,1470225,1469431,1469099,1467556,1465893,1463882,766194,765210,764495,764055,763641,763262,763038,762347,761961,761366,760818,759778,759361,759269,758806,758719,758476,758452,758416,758396,758289,758013,757902,757289,757142,756811,755931,755507,754432,753814,753555,753326,753133,752671,752025,750969,750415,749331,748488,747775,747264,747071,747070,746684,746335,745709,745257,744338,743851,743135,742647,742095,741504,740834,740227,739595,739110,738400,737607,736607,736259,735791,735179,734902,734940,734441,734008,733547,733356,732552,731701,730699,765093,764221,763595,763259,762927,762394,762157,761678,761377,760922,760324,758997,758663,758447,758312,758185,758018,757756,757875,757769,757952,757774,757492,757081,757212,757066,756258,755889,755155,754323,754042,753790,753608,753158,752282,751258,750963,749856,749084,748348,747970,747807,747959,747602,747319,746880,746459,745598,744874,744470,744000,743414,742894,742104,741474,740925,740531,740036,739348,738263,737893,737334,736679,736748,736975,736599,736217,735884,735743,735004,734192,733183
"울산광역시",1167232,1167385,1168692,1169433,1169658,1169768,1170232,1170640,1170980,1173050,1174051,1173534,1173568,1173143,1172959,1172925,1173147,1173143,1173066,1173005,1172965,1173178,1172891,1172304,1171656,1169957,1168843,1168501,1167960,1167525,1166942,1165909,1165385,1165528,1165317,1165132,1164489,1163151,1162074,1161303,1160657,1159594,1158847,1157964,1157420,1156917,1156260,1155623,1154786,1153735,1152800,1152293,1151685,1151301,1150891,1150294,1149873,1149409,1148922,1148019,1147037,1145710,1144563,1144098,1143148,1142190,1141362,1140310,1139368,1138581,1137345,1136017,601448,601671,602343,602802,602919,602945,603148,603331,603516,604638,605128,604889,604924,604806,604669,604597,604609,604551,604421,604325,604227,604248,604119,603797,603471,602577,601926,601623,601244,600925,600568,600002,599679,599733,599543,599480,599243,598625,598049,597654,597181,596415,595843,595230,594875,594552,594214,593819,593436,592853,592362,592037,591690,591449,591161,590889,590619,590332,590098,589712,589233,588626,588127,587902,587434,586939,586533,585922,585387,584963,584305,583708,565784,565714,566349,566631,566739,566823,567084,567309,567464,568412,568923,568645,568644,568337,568290,568328,568538,568592,568645,568680,568738,568930,568772,568507,568185,567380,566917,566878,566716,566600,566374,565907,565706,565795,565774,565652,565246,564526,564025,563649,563476,563179,563004,562734,562545,562365,562046,561804,561350,560882,560438,560256,559995,559852,559730,559405,559254,559077,558824,558307,557804,557084,556436,556196,555714,555251,554829,554388,553981,553618,553040,552309
"세종특별자치시",161716,169762,174920,178656,182028,185212,189478,194173,197964,202214,206044,210884,215418,220108,223461,225488,227972,230327,232117,234510,236134,238533,240560,243048,244939,247600,251178,254112,259157,263056,266075,269102,271410,274092,276879,280100,283198,288079,291182,295041,297604,300332,302703,305648,308068,310403,312103,314126,316814,320326,322693,324417,325777,327643,330298,332098,333757,336356,338647,340575,342328,343788,344792,345216,345373,345341,346217,347232,348014,351007,353430,355831,81538,85432,87996,89856,91535,93058,95131,97435,99317,101444,103384,105752,108003,110236,111935,112910,114140,115280,116166,117375,118206,119398,120343,121505,122451,123761,125524,126951,129481,131391,132913,134395,135548,136880,138275,139734,141253,143601,145235,147180,148481,149839,151019,152530,153838,155050,155835,156831,158090,159860,161056,161944,162578,163528,164832,165740,166548,167810,168916,169845,170729,171403,171951,172176,172269,172234,172660,173183,173613,175135,176336,177568,80178,84330,86924,88800,90493,92154,94347,96738,98647,100770,102660,105132,107415,109872,111526,112578,113832,115047,115951,117135,117928,119135,120217,121543,122488,123839,125654,127161,129676,131665,133162,134707,135862,137212,138604,140366,141945,144478,145947,147861,149123,150493,151684,153118,154230,155353,156268,157295,158724,160466,161637,162473,163199,164115,165466,166358,167209,168546,169731,170730,171599,172385,172841,173040,173104,173107,173557,174049,174401,175872,177094,178263
"경기도",12366711,12376944,12392297,12405279,12418899,12432063,12444924,12460604,12475565,12491080,12504790,12522606,12536474,12551398,12565891,12578597,12594829,12610877,12629325,12649894,12666278,12683730,12699920,12716780,12728620,12741266,12753983,12763961,12775175,12783741,12795378,12810014,12827633,12841321,12858161,12873895,12890445,12908010,12925761,12941604,12958648,12975176,12993165,13012486,13027338,13045223,13061074,13077153,13090648,13104696,13116579,13129508,13145482,13159178,13176011,13193943,13207219,13218912,13228177,13239666,13250368,13265377,13288975,13311254,13324041,13338020,13351891,13370714,13388485,13400615,13413459,13427014,6223885,6229184,6237256,6243963,6250770,6256986,6263282,6271034,6278190,6285999,6291542,6299812,6306634,6313836,6321080,6327267,6335366,6343196,6352625,6363048,6371378,6380142,6387398,6395453,6401310,6408014,6414903,6419893,6425769,6430216,6436130,6443859,6452524,6459082,6467553,6475323,6483951,6492392,6501263,6509171,6517899,6526428,6535785,6545752,6553196,6561990,6569721,6577501,6584729,6592095,6598392,6605143,6613473,6620514,6629105,6638077,6644899,6650459,6654571,6659995,6665310,6672706,6684759,6696531,6703603,6711047,6717812,6727226,6736077,6741849,6748061,6754469,6142826,6147760,6155041,6161316,6168129,6175077,6181642,6189570,6197375,6205081,6213248,6222794,6229840,6237562,6244811,6251330,6259463,6267681,6276700,6286846,6294900,6303588,6312522,6321327,6327310,6333252,6339080,6344068,6349406,6353525,6359248,6366155,6375109,6382239,6390608,6398572,6406494,6415618,6424498,6432433,6440749,6448748,6457380,6466734,6474142,6483233,6491353,6499652,6505919,6512601,6518187,6524365,6532009,6538664,6546906,6555866,6562320,6568453,6573606,6579671,6585058,6592671,6604216,6614723,6620438,6626973,6634079,6643488,6652408,6658766,6665398,6672545
"강원도",1543640,1542918,1543187,1543811,1545194,1547166,1547737,1547646,1548082,1549221,1549178,1549507,1549193,1548016,1547845,1548170,1547821,1548603,1548636,1548844,1549483,1550021,1550209,1550806,1549212,1548252,1547735,1547579,1547453,1547829,1547387,1547455,1547768,1547999,1549344,1550142,1548078,1546259,1546152,1545452,1545291,1544843,1544258,1543668,1543780,1543441,1543556,1543052,1541693,1540445,1540488,1540794,1540776,1540855,1540714,1540780,1540721,1540897,1541399,1541502,1540540,1539521,1538577,1537780,1538639,1539282,1540094,1540689,1541104,1541836,1542374,1542840,777867,777518,777725,778078,778923,780487,780890,780655,780890,781383,781285,781434,781185,780378,780320,780311,779972,780435,780330,780401,780675,780889,780924,781146,780219,779796,779542,779608,779367,779669,779242,779280,779506,779517,780143,780635,779669,778731,778648,778213,777960,777725,777281,776973,777040,776790,776708,776456,775683,774988,775015,775002,774920,774923,774779,774790,774707,774848,775250,775386,774866,774358,773983,773468,773923,774325,774913,775113,775324,775679,776079,776505,765773,765400,765462,765733,766271,766679,766847,766991,767192,767838,767893,768073,768008,767638,767525,767859,767849,768168,768306,768443,768808,769132,769285,769660,768993,768456,768193,767971,768086,768160,768145,768175,768262,768482,769201,769507,768409,767528,767504,767239,767331,767118,766977,766695,766740,766651,766848,766596,766010,765457,765473,765792,765856,765932,765935,765990,766014,766049,766149,766116,765674,765163,764594,764312,764716,764957,765181,765576,765780,766157,766295,766335
"충청북도",1578531,1578253,1578748,1579291,1580042,1582181,1581840,1581792,1582080,1582656,1583053,1583952,1583982,1583781,1584325,1585312,1586414,1586943,1587539,1588025,1588548,1589268,1590537,1591625,1591674,1592001,1591697,1592492,1592573,1592634,1592817,1593022,1593313,1593577,1594005,1594432,1593903,1594066,1594708,1595164,1595822,1595772,1596161,1596324,1596734,1597709,1598184,1599252,1599155,1598868,1598775,1599488,1599854,1599650,1599368,1599402,1599339,1599499,1599651,1600007,1599391,1598599,1597639,1596613,1596710,1597593,1597936,1598162,1598536,1599102,1599680,1600837,795886,795753,796084,796500,796871,797908,797741,797758,797971,798230,798498,798896,799002,798964,799332,799906,800446,800667,801084,801415,801655,802058,802676,803240,803295,803533,803490,804037,804119,804151,804225,804272,804367,804466,804791,805091,804965,805256,805800,806193,806654,806666,806982,807234,807503,808059,808309,808971,809020,808975,809060,809567,809825,809776,809760,809905,809857,809928,810187,810384,810129,809805,809369,809005,809114,809657,809841,810023,810302,810528,810903,811591,782645,782500,782664,782791,783171,784273,784099,784034,784109,784426,784555,785056,784980,784817,784993,785406,785968,786276,786455,786610,786893,787210,787861,788385,788379,788468,788207,788455,788454,788483,788592,788750,788946,789111,789214,789341,788938,788810,788908,788971,789168,789106,789179,789090,789231,789650,789875,790281,790135,789893,789715,789921,790029,789874,789608,789497,789482,789571,789464,789623,789262,788794,788270,787608,787596,787936,788095,788139,788234,788574,788777,789246
"충청남도",2063050,2062924,2064229,2065609,2067096,2068444,2069109,2071333,2072314,2073340,2074956,2077649,2078572,2080030,2081092,2082319,2084034,2085844,2086737,2088268,2089831,2091626,2093838,2096727,2097406,2099924,2102327,2104463,2105959,2107562,2109230,2111419,2113033,2114284,2115586,2116770,2117685,2118099,2119468,2120666,2121618,2122220,2122531,2123368,2123776,2124524,2125409,2126282,2125797,2125372,2125778,2125912,2125732,2125855,2125349,2125160,2124855,2124619,2124302,2123709,2122455,2120995,2119749,2118457,2118510,2119771,2120692,2120519,2120559,2120347,2120607,2121029,1046373,1046408,1047300,1048079,1048852,1049546,1049886,1051093,1051681,1052186,1053086,1054439,1054997,1055845,1056529,1057262,1058225,1058954,1059341,1060228,1061077,1061988,1063162,1064765,1065288,1066697,1068132,1069348,1070198,1071202,1072094,1073294,1074196,1074987,1075610,1076270,1076905,1077315,1078219,1078780,1079334,1079667,1079820,1080268,1080494,1080957,1081439,1082009,1081976,1082148,1082428,1082520,1082499,1082597,1082259,1082231,1082219,1082171,1082030,1081938,1081552,1081153,1080705,1080256,1080425,1081224,1081752,1081807,1082029,1081967,1082311,1082634,1016677,1016516,1016929,1017530,1018244,1018898,1019223,1020240,1020633,1021154,1021870,1023210,1023575,1024185,1024563,1025057,1025809,1026890,1027396,1028040,1028754,1029638,1030676,1031962,1032118,1033227,1034195,1035115,1035761,1036360,1037136,1038125,1038837,1039297,1039976,1040500,1040780,1040784,1041249,1041886,1042284,1042553,1042711,1043100,1043282,1043567,1043970,1044273,1043821,1043224,1043350,1043392,1043233,1043258,1043090,1042929,1042636,1042448,1042272,1041771,1040903,1039842,1039044,1038201,1038085,1038547,1038940,1038712,1038530,1038380,1038296,1038395
"전라북도",1871018,1870728,1869966,1869900,1869965,1869668,1869354,1869025,1869255,1869297,1869654,1869711,1868354,1867534,1866691,1866184,1865634,1865900,1865612,1865232,1864729,1864043,1864475,1864791,1863298,1861955,1860485,1859703,1858927,1857815,1856921,1855985,1855450,1854688,1853886,1854607,1851694,1849543,1848066,1847089,1846144,1844639,1843009,1841427,1840544,1839358,1838049,1836832,1834532,1832227,1830499,1829273,1827871,1826717,1825381,1823982,1822883,1821813,1820799,1818917,1817302,1815112,1812936,1811619,1810097,1808802,1808044,1807094,1806441,1805937,1805204,1804104,931297,931158,930629,930512,930503,930224,929977,929786,929975,929906,930163,930255,929631,929265,928678,928445,928228,928343,928137,927897,927682,927284,927460,927505,926821,926100,925364,925005,924625,924014,923537,923000,922805,922381,921918,922307,920846,919935,919121,918599,918074,917256,916418,915644,915289,914658,913986,913297,912117,911110,910221,909550,908824,908163,907522,906743,906185,905592,905017,904110,903385,902365,901252,900628,899894,899137,898719,898296,898048,897770,897393,896874,939721,939570,939337,939388,939462,939444,939377,939239,939280,939391,939491,939456,938723,938269,938013,937739,937406,937557,937475,937335,937047,936759,937015,937286,936477,935855,935121,934698,934302,933801,933384,932985,932645,932307,931968,932300,930848,929608,928945,928490,928070,927383,926591,925783,925255,924700,924063,923535,922415,921117,920278,919723,919047,918554,917859,917239,916698,916221,915782,914807,913917,912747,911684,910991,910203,909665,909325,908798,908393,908167,907811,907230
"전라남도",1904220,1903220,1902274,1902212,1902383,1902638,1903046,1903609,1904402,1905616,1905373,1908996,1906904,1905700,1905239,1904917,1904449,1904314,1903692,1902883,1902077,1902022,1902260,1903914,1902380,1900797,1899441,1899604,1899088,1898065,1897681,1895974,1895233,1894676,1894426,1896424,1893444,1891308,1890423,1890412,1889726,1887991,1886297,1884285,1882637,1881420,1881518,1882970,1878904,1875862,1874232,1873183,1871718,1870587,1868856,1867094,1865915,1865039,1865588,1868745,1864712,1861894,1859290,1857083,1855945,1854618,1853339,1851985,1851124,1850680,1850557,1851549,951388,950919,950455,950418,950626,950693,950924,951080,951404,951942,952039,953881,952924,952443,952199,952043,951810,951725,951462,951102,950653,950660,950824,951889,951308,950622,949774,950175,949931,949266,948948,947994,947586,947281,947179,948290,947078,946285,946095,946077,945662,944826,944057,943176,942418,941919,942041,943000,941188,939624,938881,938558,937881,937429,936541,935765,935364,934993,935574,937674,935962,934900,933896,932970,932496,931898,931280,930466,930076,929911,929986,930615,952832,952301,951819,951794,951757,951945,952122,952529,952998,953674,953334,955115,953980,953257,953040,952874,952639,952589,952230,951781,951424,951362,951436,952025,951072,950175,949667,949429,949157,948799,948733,947980,947647,947395,947247,948134,946366,945023,944328,944335,944064,943165,942240,941109,940219,939501,939477,939970,937716,936238,935351,934625,933837,933158,932315,931329,930551,930046,930014,931071,928750,926994,925394,924113,923449,922720,922059,921519,921048,920769,920571,920934
"경상북도",2699275,2698469,2697302,2696837,2696674,2697791,2698899,2699955,2700461,2700878,2702186,2702826,2701160,2701055,2701148,2701238,2701912,2702385,2702210,2701293,2701445,2700957,2700843,2700398,2698803,2696329,2694544,2693810,2692859,2691727,2690974,2690671,2691502,2691794,2691878,2691706,2688747,2685633,2683661,2682897,2682316,2681090,2679546,2678272,2677762,2676904,2677014,2676831,2674005,2671587,2671036,2670375,2669731,2669850,2668836,2667657,2666795,2666072,2665775,2665836,2662508,2658956,2653418,2651054,2648760,2646493,2644001,2640932,2640003,2639763,2639245,2639422,1355546,1355236,1354636,1354216,1354095,1354618,1355087,1355736,1355977,1356202,1356986,1357306,1356568,1356673,1356896,1356951,1357450,1357622,1357371,1356859,1356958,1356799,1356932,1356868,1356260,1355368,1354401,1354089,1353724,1353079,1352630,1352403,1352777,1352966,1353108,1353164,1351679,1350367,1349665,1349276,1348939,1348480,1347585,1346899,1346701,1346330,1346530,1346689,1345392,1344344,1344255,1343986,1343742,1343822,1343416,1342782,1342456,1342074,1341962,1342037,1340346,1338907,1336289,1334981,1333815,1332780,1331461,1329919,1329408,1329257,1328939,1329211,1343729,1343233,1342666,1342621,1342579,1343173,1343812,1344219,1344484,1344676,1345200,1345520,1344592,1344382,1344252,1344287,1344462,1344763,1344839,1344434,1344487,1344158,1343911,1343530,1342543,1340961,1340143,1339721,1339135,1338648,1338344,1338268,1338725,1338828,1338770,1338542,1337068,1335266,1333996,1333621,1333377,1332610,1331961,1331373,1331061,1330574,1330484,1330142,1328613,1327243,1326781,1326389,1325989,1326028,1325420,1324875,1324339,1323998,1323813,1323799,1322162,1320049,1317129,1316073,1314945,1313713,1312540,1311013,1310595,1310506,1310306,1310211
"경상남도",3351038,3351137,3352780,3354602,3356168,3356540,3356488,3357120,3359523,3361489,3362754,3364702,3364764,3364695,3365021,3366658,3367730,3368792,3369271,3369074,3369695,3370815,3371731,3373871,3374065,3372266,3371696,3371703,3372586,3373334,3374601,3374467,3375329,3377635,3379020,3380404,3379981,3378430,3377516,3377126,3377626,3377483,3377248,3376730,3376031,3375357,3375047,3373988,3373214,3371016,3369949,3368933,3367857,3366989,3366286,3365282,3364039,3363883,3363274,3362553,3361344,3358828,3355341,3353380,3351347,3349454,3347637,3345169,3343770,3342831,3341063,3340216,1687712,1687916,1688743,1689642,1690433,1690798,1690690,1690969,1692102,1693050,1693925,1694981,1695187,1695300,1695287,1696142,1696633,1697082,1697255,1697047,1697285,1697809,1698180,1699219,1699430,1698621,1698309,1698224,1698498,1698655,1699166,1698991,1699428,1700251,1700819,1701413,1701185,1700579,1700053,1699703,1699839,1699688,1699357,1698931,1698457,1697945,1697756,1697412,1697053,1696062,1695666,1695232,1694688,1694177,1693730,1693182,1692600,1692582,1692247,1692032,1691504,1690600,1689137,1688178,1687289,1686331,1685427,1684134,1683263,1682733,1681719,1681423,1663326,1663221,1664037,1664960,1665735,1665742,1665798,1666151,1667421,1668439,1668829,1669721,1669577,1669395,1669734,1670516,1671097,1671710,1672016,1672027,1672410,1673006,1673551,1674652,1674635,1673645,1673387,1673479,1674088,1674679,1675435,1675476,1675901,1677384,1678201,1678991,1678796,1677851,1677463,1677423,1677787,1677795,1677891,1677799,1677574,1677412,1677291,1676576,1676161,1674954,1674283,1673701,1673169,1672812,1672556,1672100,1671439,1671301,1671027,1670521,1669840,1668228,1666204,1665202,1664058,1663123,1662210,1661035,1660507,1660098,1659344,1658793
"제주특별자치도",608325,609612,611044,612505,613858,615250,617038,618447,620009,621661,622952,624395,625451,627442,629220,631061,632802,634274,635800,637172,638199,639306,640488,641597,642388,643736,644924,646140,647547,648497,650190,651888,653270,654750,656013,657083,658167,659189,660441,661511,662633,663526,664579,665517,666151,666686,667064,667191,667337,667522,668120,668648,669328,669771,670209,670521,670610,670738,670895,670989,670749,670876,670508,670595,670793,671316,671913,672524,672948,673606,674001,674635,305152,305742,306484,307282,307946,308627,309475,310215,311012,311867,312618,313428,314021,315006,316026,317043,317876,318584,319417,320149,320675,321285,321986,322545,323003,323784,324435,325111,325870,326408,327306,328179,328910,329683,330305,330823,331344,331872,332492,333063,333603,334007,334522,335034,335321,335519,335696,335719,335813,335865,336226,336429,336717,336944,337108,337206,337257,337282,337339,337345,337231,337295,337055,337119,337111,337343,337587,337822,337932,338190,338312,338609,303173,303870,304560,305223,305912,306623,307563,308232,308997,309794,310334,310967,311430,312436,313194,314018,314926,315690,316383,317023,317524,318021,318502,319052,319385,319952,320489,321029,321677,322089,322884,323709,324360,325067,325708,326260,326823,327317,327949,328448,329030,329519,330057,330483,330830,331167,331368,331472,331524,331657,331894,332219,332611,332827,333101,333315,333353,333456,333556,333644,333518,333581,333453,333476,333682,333973,334326,334702,335016,335416,335689,336026
